{
  "products": [
    {
      "id": 1,
      "name": "Softland",
      "price": 30,
      "body": "Softland is a modern and creative app landing HTML website template.Anyone can use this template to showcase their app and service",
      "image": "product-image-1",
      "download": 4206
    },
    {
      "id": 2,
      "name": "Rapid",
      "price": 50,
      "body": "Rapid is elegent and easy to use multipurpose Bootstrap template with a moderan and simplistic web design.It will leave a solid impression on everyone.",
      "image": "product-image-2",
      "download": 24206
    },
    {
      "id": 3,
      "name": "BizPage",
      "price": 70,
      "body": "BizPage modern , visually stunning and creative multipurpose corporate Business HTML template built with bootstrap framework.",
      "image": "product-image-3",
      "download": 324206
    },
    {
      "name": "anusha",
      "price": "200000000",
      "body": "ajnsjud",
      "image": "Sample",
      "download": 0,
      "id": 4
    }
  ]
}